,,,,,,,,,"Survey","Participant","{{Q://Q1/ChoiceTextEntryValue}}"
,,,,,,,,,,"Question Text","Thank you for completing your study enrollment! You will begin receiving 6, randomly timed (between the hours of 9am and 9pm), notifications per day starting tomorrow and over the subsequent 7 days.Please remember!You only have 20 minutes to respond to each notification.If you do not respond, you will not receive payment for that notification (see compensation information).Please do your best to respond to every notification you receive.At the end of the week, it is important that you fill out the final surveys, otherwise we won't be able to use your data.Please press BEGIN STUDY to begin!"
,,,,,,,,,,"Response Type","Multiple Choice"
"Start Date","End Date","Time Scheduled","Duration (in seconds)","Finished","Participant ID","Location - Lat","Location - Long","No Login","ip address","Choices","[ 1 = 'BEGIN STUDY'  ]"
"04/27/2024 01:23PM","04/27/2024 01:23PM","04/27/2024 12:00AM - 04/27/2024 11:59PM",4.601,"Yes","65a968b8018ce09fd413d47b","0.0","0.0","no","192.168.0.141","Participant 2",1
"04/26/2024 06:33PM","04/26/2024 06:34PM","04/26/2024 12:00AM - 04/26/2024 11:59PM",45.972,"Yes","662c23eb984be5dc85b1f907",,,"no","10.49.38.153","Participant 37",1
"04/26/2024 09:09PM","04/26/2024 09:10PM","04/26/2024 12:00AM - 04/26/2024 11:59PM",12.08,"Yes","662c1a3e984be5dc85b1ac7c",,,"no","192.168.0.175","Participant 38",1
"05/02/2024 12:34PM","05/02/2024 12:34PM","05/02/2024 12:00AM - 05/02/2024 11:59PM",11.931,"Yes","6633d9a6d05d24da8bf2f215",,,"no","192.168.86.248","Participant 39",1
"05/02/2024 05:36PM","05/02/2024 05:36PM","05/02/2024 12:00AM - 05/02/2024 11:59PM",9.993,"Yes","663413e56d0b687e4df00efd","0.0","0.0","no","2600:100b:1145:2ca0:2904:8ba2:ce8a:4678","Participant 40",1
"05/03/2024 04:47AM","05/03/2024 04:47AM","05/03/2024 12:00AM - 05/03/2024 11:59PM",41.94,"Yes","66349e1e390031c6212601b1",,,"no","192.168.0.108","Participant 41",1
"05/06/2024 03:56PM","05/06/2024 03:56PM","05/06/2024 12:00AM - 05/06/2024 11:59PM",4.275,"Yes","66394fd7442523ed8761623e",,,"no","192.168.0.37","Participant 42",1
"05/07/2024 09:06AM","05/07/2024 09:06AM","05/07/2024 12:00AM - 05/07/2024 11:59PM",20.286,"Yes","66312194984be5dc85d0715e","0.0","0.0","no","192.168.1.12","Participant 43",1
"05/07/2024 11:49AM","05/07/2024 11:49AM","05/07/2024 12:00AM - 05/07/2024 11:59PM",4.31,"Yes","663a4a61390031c62138e3e3",,,"no","192.168.1.221","Participant 44",1
"05/07/2024 12:33PM","05/07/2024 12:34PM","05/07/2024 12:00AM - 05/07/2024 11:59PM",21.645,"Yes","663a54d2442523ed87656159","0.0","0.0","no","192.168.4.30","Participant 45",1
"05/07/2024 03:13PM","05/07/2024 03:13PM","05/07/2024 12:00AM - 05/07/2024 11:59PM",16.717,"Yes","6634a747442523ed875237c9",,,"no","172.16.0.2","Participant 46",1
"05/08/2024 06:11AM","05/08/2024 06:11AM","05/08/2024 12:00AM - 05/08/2024 11:59PM",11.938,"Yes","6634a747442523ed875237c9",,,"no","172.16.0.2","Participant 46",1
"05/07/2024 04:21PM","05/07/2024 04:21PM","05/07/2024 12:00AM - 05/07/2024 11:59PM",3.865,"Yes","663a507e390031c62139088b","0.0","0.0","no","2601:404:cb83:9b80::18a3","Participant 47",1
"05/07/2024 07:53PM","05/07/2024 07:54PM","05/07/2024 12:00AM - 05/07/2024 11:59PM",17.341,"Yes","663a4d52390031c62138f480","0.0","0.0","no","192.168.1.150","Participant 48",1
"05/08/2024 12:04AM","05/08/2024 12:04AM","05/08/2024 12:00AM - 05/08/2024 11:59PM",10.338,"Yes","663aab67390031c6213afec3","0.0","0.0","no","192.168.50.211","Participant 49",1
"05/08/2024 11:15AM","05/08/2024 11:16AM","05/08/2024 12:00AM - 05/08/2024 11:59PM",16.874,"Yes","663a9518390031c6213a93b9",,,"no","192.168.1.82","Participant 50",1
"05/08/2024 06:59PM","05/08/2024 07:00PM","05/08/2024 12:00AM - 05/08/2024 11:59PM",31.329,"Yes","663bb654390031c6213ff420",,,"no","172.20.10.3","Participant 51",1
"05/08/2024 05:15PM","05/08/2024 05:15PM","05/08/2024 12:00AM - 05/08/2024 11:59PM",11.739,"Yes","663be870442523ed876d25df",,,"no","192.168.0.170","Participant 52",1
"05/09/2024 05:19PM","05/09/2024 05:19PM","05/09/2024 12:00AM - 05/09/2024 11:59PM",7.074,"Yes","663c2daa442523ed876f0873","0.0","0.0","no","2600:1702:1610:c5f0::1e","Participant 53",1
"05/09/2024 09:28PM","05/09/2024 09:28PM","05/09/2024 12:00AM - 05/09/2024 11:59PM",30.056,"Yes","663c206d390031c621427319","0.0","0.0","no","192.168.140.17","Participant 54",1
"05/10/2024 09:54AM","05/10/2024 09:55AM","05/10/2024 12:00AM - 05/10/2024 11:59PM",23.852,"Yes","663e3160390031c6214b9c6d",,,"no","192.168.1.109","Participant 55",1
"05/10/2024 12:40PM","05/10/2024 12:40PM","05/10/2024 12:00AM - 05/10/2024 11:59PM",2.758,"Yes","663e43da390031c6214c2301","0.0","0.0","no","2601:741:8002:37f0::763a","Participant 56",1
"05/10/2024 11:18AM","05/10/2024 11:18AM","05/10/2024 12:00AM - 05/10/2024 11:59PM",5.333,"Yes","663e5d89390031c6214ce390","0.0","0.0","no","192.0.0.2","Participant 57",1
"05/10/2024 03:00PM","05/10/2024 03:00PM","05/10/2024 12:00AM - 05/10/2024 11:59PM",30.712,"Yes","663e4916442523ed87787cf4",,,"no","10.5.205.51","Participant 58",1
"05/11/2024 06:02AM","05/11/2024 06:02AM","05/11/2024 12:00AM - 05/11/2024 11:59PM",8.67,"Yes","663e6001390031c6214cf2b0",,,"no","172.16.0.2","Participant 59",1
"05/13/2024 05:34PM","05/13/2024 05:34PM","05/13/2024 12:00AM - 05/13/2024 11:59PM",9.81,"Yes","663bafb9390031c6213fcd13",,,"no","10.188.57.197","Participant 60",1
"05/14/2024 11:01AM","05/14/2024 11:02AM","05/14/2024 12:00AM - 05/14/2024 11:59PM",41.767,"Yes","6642bddb442523ed878d8c05",,,"no","10.23.206.108","Participant 61",1
"05/14/2024 11:14AM","05/14/2024 11:14AM","05/14/2024 12:00AM - 05/14/2024 11:59PM",11.598,"Yes","6642d2b9390031c62161d516",,,"no","192.168.0.114","Participant 62",1
"05/14/2024 08:37AM","05/14/2024 08:37AM","05/14/2024 12:00AM - 05/14/2024 11:59PM",3.492,"Yes","6643742f442523ed879005d1",,,"no","10.0.0.13","Participant 63",1
"05/14/2024 12:40PM","05/14/2024 12:41PM","05/14/2024 12:00AM - 05/14/2024 11:59PM",75.093,"Yes","664384b1442523ed87908849",,,"no","10.205.119.225","Participant 64",1
"05/14/2024 07:19PM","05/14/2024 07:19PM","05/14/2024 12:00AM - 05/14/2024 11:59PM",9.994,"Yes","66402d02390031c6215596a5","0.0","0.0","no","2600:381:4364:e085:644c:ff6c:37b7:14d0","Participant 65",1
"05/15/2024 10:34AM","05/15/2024 10:34AM","05/15/2024 12:00AM - 05/15/2024 11:59PM",39.116,"Yes","6643ea96442523ed8792f72b",,,"no","192.168.10.13","Participant 66",1
"05/15/2024 03:50PM","05/15/2024 03:50PM","05/15/2024 12:00AM - 05/15/2024 11:59PM",3.697,"Yes","6644618e390031c62169a4f4","0.0","0.0","no","2620:cc:8000:1c80::cf9a","Participant 67",1
"05/16/2024 08:52AM","05/16/2024 08:52AM","05/16/2024 12:00AM - 05/16/2024 11:59PM",4.697,"Yes","6645fcd5442523ed879e2b3c","0.0","0.0","no","192.168.0.12","Participant 68",1
"05/16/2024 09:13AM","05/16/2024 09:13AM","05/16/2024 12:00AM - 05/16/2024 11:59PM",7.246,"Yes","66460380442523ed879e5855","0.0","0.0","no","2607:fc20:ad5c:1bdf:c37e:bbf3:c169:319b","Participant 69",1
"05/16/2024 02:47PM","05/16/2024 02:48PM","05/16/2024 12:00AM - 05/16/2024 11:59PM",49.27,"Yes","6645f681442523ed879df31a",,,"no","10.162.32.103","Participant 70",1
"05/16/2024 11:07AM","05/16/2024 11:07AM","05/16/2024 12:00AM - 05/16/2024 11:59PM",15.65,"Yes","66461e48442523ed879f60d5",,,"no","192.0.0.4","Participant 71",1
"05/16/2024 01:48PM","05/16/2024 01:49PM","05/16/2024 12:00AM - 05/16/2024 11:59PM",6.754,"Yes","6645fd34442523ed879e2e74","0.0","0.0","no","2601:344:180:32d0::f0fd","Participant 72",1
"05/16/2024 07:47PM","05/16/2024 07:47PM","05/16/2024 12:00AM - 05/16/2024 11:59PM",10.224,"Yes","66461558442523ed879f2972",,,"no","10.209.139.115","Participant 73",1
"05/17/2024 04:21AM","05/17/2024 04:21AM","05/17/2024 12:00AM - 05/17/2024 11:59PM",26.112,"Yes","66470cb2390031c6217b308b",,,"no","10.236.168.232","Participant 74",1
"05/17/2024 03:59PM","05/17/2024 04:00PM","05/17/2024 12:00AM - 05/17/2024 11:59PM",59.265,"Yes","66476a327ef6a98d4035a7f5","0.0","0.0","no","192.168.53.2","Participant 75",1
"05/17/2024 06:10PM","05/17/2024 06:10PM","05/17/2024 12:00AM - 05/17/2024 11:59PM",28.931,"Yes","66476ba47ef6a98d4035b8cd",,,"no","10.166.92.93","Participant 76",1
"05/17/2024 10:38AM","05/17/2024 10:38AM","05/17/2024 12:00AM - 05/17/2024 11:59PM",5.981,"Yes","6647504e7ef6a98d4034d087","0.0","0.0","no","10.22.214.236","Participant 77",1
"05/17/2024 10:24AM","05/17/2024 10:24AM","05/17/2024 12:00AM - 05/17/2024 11:59PM",9.121,"Yes","6647811a7ef6a98d40365047","0.0","0.0","no","192.168.1.32","Participant 78",1
"05/17/2024 04:38PM","05/17/2024 04:38PM","05/17/2024 12:00AM - 05/17/2024 11:59PM",9.529,"Yes","66479d9a7ef6a98d40370b4e","0.0","0.0","no","2600:8807:c30e:a200::86cd","Participant 79",1
"05/17/2024 11:06PM","05/17/2024 11:06PM","05/17/2024 12:00AM - 05/17/2024 11:59PM",11.442,"Yes","6648139d660ad4ff63227565","0.0","0.0","no","192.168.1.166","Participant 80",1
"05/18/2024 07:25AM","05/18/2024 07:25AM","05/18/2024 12:00AM - 05/18/2024 11:59PM",6.806,"Yes","664844b2660ad4ff632360ad","0.0","0.0","no","10.24.250.136","Participant 81",1
"05/18/2024 09:03AM","05/18/2024 09:03AM","05/18/2024 12:00AM - 05/18/2024 11:59PM",5.189,"Yes","66485cc3660ad4ff63238483",,,"no","192.168.0.118","Participant 82",1
"05/18/2024 12:19PM","05/18/2024 12:20PM","05/18/2024 12:00AM - 05/18/2024 11:59PM",49.517,"Yes","66488b577ef6a98d403bfc82","0.0","0.0","no","192.168.0.144","Participant 83",1
"05/18/2024 08:57AM","05/18/2024 08:57AM","05/18/2024 12:00AM - 05/18/2024 11:59PM",30.492,"Yes","66489bc4660ad4ff632408cc",,,"no","10.12.132.234","Participant 84",1
"05/18/2024 02:30PM","05/18/2024 02:31PM","05/18/2024 12:00AM - 05/18/2024 11:59PM",53.053,"Yes","664867b9660ad4ff6323986e","0.0","0.0","no","10.25.231.199","Participant 85",1
"05/18/2024 04:24PM","05/18/2024 04:24PM","05/18/2024 12:00AM - 05/18/2024 11:59PM",4.687,"Yes","6648c6727ef6a98d403d5400","0.0","0.0","no","192.168.0.192","Participant 86",1
"05/18/2024 12:15PM","05/18/2024 12:15PM","05/18/2024 12:00AM - 05/18/2024 11:59PM",55.43,"Yes","66461aa0442523ed879f4967",,,"no","10.14.208.48","Participant 87",1
"05/18/2024 12:29PM","05/18/2024 12:29PM","05/18/2024 12:00AM - 05/18/2024 11:59PM",7.267,"Yes","6648e188660ad4ff6325b19e","0.0","0.0","no","2601:249:1a7e:eac0::cf6e","Participant 88",1
"05/19/2024 01:38AM","05/19/2024 01:38AM","05/19/2024 12:00AM - 05/19/2024 11:59PM",11.214,"Yes","66490bc27ef6a98d403ed351",,,"no","192.168.0.100","Participant 89",1
"05/19/2024 04:48AM","05/19/2024 04:48AM","05/19/2024 12:00AM - 05/19/2024 11:59PM",8.661,"Yes","6649b616660ad4ff632a3c1e","0.0","0.0","no","192.168.65.250","Participant 90",1
"05/19/2024 10:40AM","05/19/2024 10:40AM","05/19/2024 12:00AM - 05/19/2024 11:59PM",5.189,"Yes","664859df7ef6a98d403bb444","0.0","0.0","no","10.244.104.176","Participant 91",1
"05/19/2024 03:54PM","05/19/2024 03:54PM","05/19/2024 12:00AM - 05/19/2024 11:59PM",7.025,"Yes","66486a00660ad4ff63239c3f","0.0","0.0","no","10.129.68.198","Participant 92",1
"05/19/2024 04:55PM","05/19/2024 04:56PM","05/19/2024 12:00AM - 05/19/2024 11:59PM",55.346,"Yes","664a61ba660ad4ff632d6a88","0.0","0.0","no","10.158.59.43","Participant 93",1
"05/19/2024 07:52PM","05/19/2024 07:52PM","05/19/2024 12:00AM - 05/19/2024 11:59PM",11.318,"Yes","664a8e4a660ad4ff632e7a78","0.0","0.0","no","10.110.223.110","Participant 94",1
"05/19/2024 09:24PM","05/19/2024 09:24PM","05/19/2024 12:00AM - 05/19/2024 11:59PM",9.696,"Yes","664a996c660ad4ff632f2b6f","0.0","0.0","no","192.168.0.222","Participant 95",1
"05/20/2024 03:26PM","05/20/2024 03:26PM","05/20/2024 12:00AM - 05/20/2024 11:59PM",7.539,"Yes","664ba102660ad4ff6335aca5",,,"no","192.168.0.119","Participant 96",1
"05/21/2024 12:48AM","05/21/2024 12:48AM","05/21/2024 12:00AM - 05/21/2024 11:59PM",25.35,"Yes","664bdcc9660ad4ff6337264c",,,"no","192.168.0.2","Participant 97",1
"05/20/2024 07:28PM","05/20/2024 07:29PM","05/20/2024 12:00AM - 05/20/2024 11:59PM",9.404,"Yes","664bf656660ad4ff633875c9",,,"no","100.73.150.26","Participant 98",1
"05/21/2024 12:49PM","05/21/2024 12:49PM","05/21/2024 12:00AM - 05/21/2024 11:59PM",6.631,"Yes","664c511c35c6ffacb4c65680",,,"no","192.168.0.114","Participant 99",1
"05/21/2024 01:15PM","05/21/2024 01:16PM","05/21/2024 12:00AM - 05/21/2024 11:59PM",61.717,"Yes","664c8ad035c6ffacb4c6f679",,,"no","10.164.114.198","Participant 100",1
"05/21/2024 09:39AM","05/21/2024 09:39AM","05/21/2024 12:00AM - 05/21/2024 11:59PM",5.622,"Yes","664cb0accfaa164d863221bf","0.0","0.0","no","10.5.9.86","Participant 101",1
"05/21/2024 01:32PM","05/21/2024 01:32PM","05/21/2024 12:00AM - 05/21/2024 11:59PM",21.92,"Yes","664cd579cfaa164d863376ae",,,"no","192.168.1.194","Participant 102",1
"05/21/2024 08:58PM","05/21/2024 08:59PM","05/21/2024 12:00AM - 05/21/2024 11:59PM",48.005,"Yes","664cd8a3cfaa164d86339400",,,"no","10.0.0.230","Participant 103",1
"05/21/2024 02:47PM","05/21/2024 02:48PM","05/21/2024 12:00AM - 05/21/2024 11:59PM",45.177,"Yes","664ce4f1cfaa164d86340d96",,,"no","192.168.0.131","Participant 104",1
"05/21/2024 06:37PM","05/21/2024 06:37PM","05/21/2024 12:00AM - 05/21/2024 11:59PM",14.799,"Yes","664d202e35c6ffacb4cbf0f3","0.0","0.0","no","2600:1003:100e:e764:990f:3a31:b8bd:62bc","Participant 105",1
"05/21/2024 07:34PM","05/21/2024 07:34PM","05/21/2024 12:00AM - 05/21/2024 11:59PM",3.696,"Yes","664d2c64cfaa164d86361b7e","0.0","0.0","no","10.246.173.27","Participant 106",1
"05/21/2024 07:48PM","05/21/2024 07:49PM","05/21/2024 12:00AM - 05/21/2024 11:59PM",38.425,"Yes","664d2db7cfaa164d8636282b","0.0","0.0","no","10.11.133.98","Participant 107",1
"05/21/2024 08:16PM","05/21/2024 08:17PM","05/21/2024 12:00AM - 05/21/2024 11:59PM",10.968,"Yes","664d3515cfaa164d86366cf6","0.0","0.0","no","10.140.242.127","Participant 108",1
"05/21/2024 10:17PM","05/21/2024 10:17PM","05/21/2024 12:00AM - 05/21/2024 11:59PM",8.501,"Yes","664d5036cfaa164d8638213d",,,"no","172.26.1.42","Participant 109",1
"05/21/2024 09:21PM","05/21/2024 09:21PM","05/21/2024 12:00AM - 05/21/2024 11:59PM",4.034,"Yes","664cb487cfaa164d863247a6","0.0","0.0","no","2600:6c46:68f0:14d0::1215","Participant 110",1
"05/21/2024 10:45PM","05/21/2024 10:45PM","05/21/2024 12:00AM - 05/21/2024 11:59PM",13.553,"Yes","664d5800cfaa164d86387766",,,"no","172.20.10.3","Participant 111",1
"05/21/2024 10:20PM","05/21/2024 10:20PM","05/21/2024 12:00AM - 05/21/2024 11:59PM",10.535,"Yes","6648da0d7ef6a98d403dcdd5","0.0","0.0","no","192.168.0.85","Participant 112",1
"05/22/2024 02:53AM","05/22/2024 02:54AM","05/22/2024 12:00AM - 05/22/2024 11:59PM",27.327,"Yes","664d9437cfaa164d8639b130",,,"no","10.132.231.98","Participant 113",1
"05/22/2024 08:41AM","05/22/2024 08:41AM","05/22/2024 12:00AM - 05/22/2024 11:59PM",6.198,"Yes","664d9d48cfaa164d863a0ec4",,,"no","192.168.1.186","Participant 114",1
"05/22/2024 07:44AM","05/22/2024 07:45AM","05/22/2024 12:00AM - 05/22/2024 11:59PM",52.295,"Yes","664ab385660ad4ff63304bcf",,,"no","10.159.9.33","Participant 115",1
"05/22/2024 12:54PM","05/22/2024 12:54PM","05/22/2024 12:00AM - 05/22/2024 11:59PM",12.59,"Yes","664dda0935c6ffacb4d106a0",,,"no","172.20.10.3","Participant 116",1
"05/22/2024 08:03AM","05/22/2024 08:03AM","05/22/2024 12:00AM - 05/22/2024 11:59PM",9.622,"Yes","664ddcbacfaa164d863af184","0.0","0.0","no","10.40.10.101","Participant 117",1
"05/22/2024 07:18AM","05/22/2024 07:18AM","05/22/2024 12:00AM - 05/22/2024 11:59PM",6.547,"Yes","664ddce135c6ffacb4d11e0d","0.0","0.0","no","2600:381:9011:4c34:9d10:d79d:7fa0:4245","Participant 118",1
"05/22/2024 07:19AM","05/22/2024 07:20AM","05/22/2024 12:00AM - 05/22/2024 11:59PM",21.317,"Yes","664dd91535c6ffacb4d101fb","0.0","0.0","no","192.168.1.7","Participant 119",1
"05/22/2024 06:59AM","05/22/2024 06:59AM","05/22/2024 12:00AM - 05/22/2024 11:59PM",18.988,"Yes","664de887cfaa164d863b5c90",,,"no","192.0.0.2","Participant 120",1
"05/22/2024 09:49AM","05/22/2024 09:50AM","05/22/2024 12:00AM - 05/22/2024 11:59PM",25.194,"Yes","664df1a551501094c9be8f8c",,,"no","172.16.0.2","Participant 121",1
"05/22/2024 03:01PM","05/22/2024 03:03PM","05/22/2024 12:00AM - 05/22/2024 11:59PM",83.556,"Yes","664de90335c6ffacb4d18b97",,,"no","10.164.252.96","Participant 122",1
"05/22/2024 10:12AM","05/22/2024 10:12AM","05/22/2024 12:00AM - 05/22/2024 11:59PM",4.261,"Yes","664df97e51501094c9bedbb3",,,"no","10.0.0.107","Participant 123",1
"05/22/2024 10:30AM","05/22/2024 10:30AM","05/22/2024 12:00AM - 05/22/2024 11:59PM",8.736,"Yes","664dfea251501094c9bf16a1","0.0","0.0","no","2600:381:3546:dd4e:180c:7d10:d243:d9c5","Participant 124",1
"05/22/2024 07:30AM","05/22/2024 07:31AM","05/22/2024 12:00AM - 05/22/2024 11:59PM",6.067,"Yes","664dffa220f19dd3213a2a4e",,,"no","192.168.4.202","Participant 125",1
"05/22/2024 04:44PM","05/22/2024 04:44PM","05/22/2024 12:00AM - 05/22/2024 11:59PM",5.983,"Yes","664e0f2e20f19dd3213acad4",,,"no","10.164.114.92","Participant 126",1
"05/22/2024 06:35PM","05/22/2024 06:35PM","05/22/2024 12:00AM - 05/22/2024 11:59PM",30.147,"Yes","664a9f98660ad4ff632f6bf0","0.0","0.0","no","10.202.81.86","Participant 127",1
"05/22/2024 01:56PM","05/22/2024 01:56PM","05/22/2024 12:00AM - 05/22/2024 11:59PM",31.961,"Yes","664de385cfaa164d863b3437",,,"no","10.159.8.105","Participant 128",1
"05/22/2024 07:01PM","05/22/2024 07:01PM","05/22/2024 12:00AM - 05/22/2024 11:59PM",4.389,"Yes","664e265620f19dd3213bb80c","0.0","0.0","no","10.201.83.251","Participant 129",1
"05/22/2024 03:15PM","05/22/2024 03:15PM","05/22/2024 12:00AM - 05/22/2024 11:59PM",14.921,"Yes","664e39ab51501094c9c1459b",,,"no","10.142.161.93","Participant 130",1
"05/22/2024 06:35PM","05/22/2024 06:35PM","05/22/2024 12:00AM - 05/22/2024 11:59PM",8.254,"Yes","664e6e0120f19dd3213de6f2","0.0","0.0","no","10.122.11.127","Participant 131",1
"05/22/2024 05:01PM","05/22/2024 05:01PM","05/22/2024 12:00AM - 05/22/2024 11:59PM",9.315,"Yes","664e847f20f19dd3213e70cb",,,"no","192.168.1.138","Participant 132",1
"05/22/2024 08:23PM","05/22/2024 08:23PM","05/22/2024 12:00AM - 05/22/2024 11:59PM",5.606,"Yes","664e860851501094c9c35e71","0.0","0.0","no","10.105.110.120","Participant 133",1
"05/22/2024 09:47PM","05/22/2024 09:48PM","05/22/2024 12:00AM - 05/22/2024 11:59PM",5.317,"Yes","664606c2390031c621724174",,,"no","192.168.1.159","Participant 134",1
"05/23/2024 06:59AM","05/23/2024 07:00AM","05/23/2024 12:00AM - 05/23/2024 11:59PM",3.678,"Yes","664ed84e93e5001a12b4b6d4","0.0","0.0","no","10.240.226.150","Participant 135",1
"05/23/2024 02:15AM","05/23/2024 02:15AM","05/23/2024 12:00AM - 05/23/2024 11:59PM",5.077,"Yes","664edadc93e5001a12b4c005","0.0","0.0","no","2601:802:8301:47e0::d624","Participant 136",1
"05/23/2024 08:04AM","05/23/2024 08:04AM","05/23/2024 12:00AM - 05/23/2024 11:59PM",26.832,"Yes","664f2b5b93e5001a12b6b476",,,"no","192.168.8.8","Participant 137",1
"05/23/2024 01:29PM","05/23/2024 01:29PM","05/23/2024 12:00AM - 05/23/2024 11:59PM",8.875,"Yes","664f7a84e0fe3a9553ae4a6f","0.0","0.0","no","2600:381:b360:e235:3540:8e12:226f:f7c","Participant 138",1
"05/23/2024 01:07PM","05/23/2024 01:08PM","05/23/2024 12:00AM - 05/23/2024 11:59PM",14.842,"Yes","664f7d83e0fe3a9553ae8a98",,,"no","10.16.13.148","Participant 139",1
"05/23/2024 12:33PM","05/23/2024 12:33PM","05/23/2024 12:00AM - 05/23/2024 11:59PM",3.317,"Yes","664f89c9e0fe3a9553af7561","0.0","0.0","no","192.168.0.109","Participant 140",1
"05/23/2024 03:11PM","05/23/2024 03:11PM","05/23/2024 12:00AM - 05/23/2024 11:59PM",4.638,"Yes","664f922de0fe3a9553b03872","0.0","0.0","no","2600:1009:1020:3d6c:cc7e:9d93:c799:b9b2","Participant 141",1
"05/23/2024 10:13PM","05/23/2024 10:14PM","05/23/2024 12:00AM - 05/23/2024 11:59PM",13.462,"Yes","664f816be0fe3a9553aed9e7",,,"no","10.0.188.92","Participant 142",1
"05/23/2024 04:25PM","05/23/2024 04:25PM","05/23/2024 12:00AM - 05/23/2024 11:59PM",21.909,"Yes","664f6895e0fe3a9553ac8542",,,"no","100.124.106.88","Participant 143",1
"05/23/2024 01:27PM","05/23/2024 01:27PM","05/23/2024 12:00AM - 05/23/2024 11:59PM",6.915,"Yes","664f9b98e0fe3a9553b0f157","0.0","0.0","no","10.0.0.34","Participant 144",1
"05/23/2024 04:52PM","05/23/2024 04:52PM","05/23/2024 12:00AM - 05/23/2024 11:59PM",5.088,"Yes","664fa94fe0fe3a9553b1cea4",,,"no","10.47.49.138","Participant 145",1
"05/23/2024 05:19PM","05/23/2024 05:19PM","05/23/2024 12:00AM - 05/23/2024 11:59PM",17.355,"Yes","664fa23fe0fe3a9553b151fb",,,"no","192.168.0.25","Participant 146",1
"05/24/2024 03:19AM","05/24/2024 03:20AM","05/24/2024 12:00AM - 05/24/2024 11:59PM",15.202,"Yes","664dfbf551501094c9bf026e",,,"no","10.0.0.1","Participant 147",1
"05/23/2024 09:58PM","05/23/2024 09:58PM","05/23/2024 12:00AM - 05/23/2024 11:59PM",7.38,"Yes","664fc1e6e0fe3a9553b349fa",,,"no","192.168.68.54","Participant 148",1
"05/23/2024 09:47PM","05/23/2024 09:48PM","05/23/2024 12:00AM - 05/23/2024 11:59PM",16.944,"Yes","664ffbbde0fe3a9553b789fa","0.0","0.0","no","2001:48f8:b00e:149a::6237:2460","Participant 149",1
"05/23/2024 10:42PM","05/23/2024 10:42PM","05/23/2024 12:00AM - 05/23/2024 11:59PM",18.575,"Yes","665007aee0fe3a9553b871c4","0.0","0.0","no","2600:1004:a122:786b:106d:662d:b8eb:35fb","Participant 150",1
"05/24/2024 03:25AM","05/24/2024 03:25AM","05/24/2024 12:00AM - 05/24/2024 11:59PM",6.102,"Yes","66506895166f80d151432198","0.0","0.0","no","192.168.1.4","Participant 151",1
"05/24/2024 07:00AM","05/24/2024 07:00AM","05/24/2024 12:00AM - 05/24/2024 11:59PM",15.003,"Yes","66506d4ebb8cfd1298ce21c6",,,"no","10.3.105.95","Participant 152",1
"05/24/2024 04:59PM","05/24/2024 04:59PM","05/24/2024 12:00AM - 05/24/2024 11:59PM",38.32,"Yes","6650b1de166f80d1514502cc","0.0","0.0","no","192.168.137.247","Participant 153",1
"05/24/2024 11:07AM","05/24/2024 11:07AM","05/24/2024 12:00AM - 05/24/2024 11:59PM",5.639,"Yes","6650b7ddbb8cfd1298d024d6","0.0","0.0","no","2600:1702:20b0:b740::48","Participant 154",1
"05/24/2024 12:22PM","05/24/2024 12:22PM","05/24/2024 12:00AM - 05/24/2024 11:59PM",5.561,"Yes","6650b5dc166f80d151452562","0.0","0.0","no","192.168.68.74","Participant 155",1
"05/24/2024 09:37AM","05/24/2024 09:38AM","05/24/2024 12:00AM - 05/24/2024 11:59PM",13.837,"Yes","6650b8c1166f80d151454153",,,"no","172.18.12.246","Participant 156",1
"05/24/2024 12:06PM","05/24/2024 12:06PM","05/24/2024 12:00AM - 05/24/2024 11:59PM",11.425,"Yes","6650b957bb8cfd1298d036c5",,,"no","192.0.0.2","Participant 157",1
"05/24/2024 01:10PM","05/24/2024 01:11PM","05/24/2024 12:00AM - 05/24/2024 11:59PM",9.014,"Yes","6445278e4e3d850b4c16a86a",,,"no","100.78.56.29","Participant 158",1
"05/24/2024 06:27PM","05/24/2024 06:28PM","05/24/2024 12:00AM - 05/24/2024 11:59PM",53.044,"Yes","6650b702bb8cfd1298d01e19",,,"no","10.31.0.80","Participant 159",1
"05/24/2024 01:37PM","05/24/2024 01:38PM","05/24/2024 12:00AM - 05/24/2024 11:59PM",18.607,"Yes","664e22d720f19dd3213b91f5",,,"no","192.168.1.153","Participant 160",1
"05/24/2024 12:50PM","05/24/2024 12:50PM","05/24/2024 12:00AM - 05/24/2024 11:59PM",9.423,"Yes","6650b7b8166f80d1514533ed","0.0","0.0","no","2600:1700:2299:7800::3d","Participant 161",1
"05/24/2024 08:47PM","05/24/2024 08:47PM","05/24/2024 12:00AM - 05/24/2024 11:59PM",8.969,"Yes","6650ed34166f80d15146f863",,,"no","10.162.253.47","Participant 162",1
"05/24/2024 03:57PM","05/24/2024 03:57PM","05/24/2024 12:00AM - 05/24/2024 11:59PM",5.678,"Yes","6650eede166f80d151470007",,,"no","192.0.0.2","Participant 163",1
"05/25/2024 09:22AM","05/25/2024 09:23AM","05/25/2024 12:00AM - 05/25/2024 11:59PM",38.988,"Yes","66512149bb8cfd1298d31555","0.0","0.0","no","192.168.38.204","Participant 164",1
"05/25/2024 09:22AM","05/25/2024 09:23AM","05/25/2024 12:00AM - 05/25/2024 11:59PM",36.703,"Yes","66511f06166f80d151480ef6",,,"no","192.168.38.236","Participant 165",1
"05/24/2024 07:55PM","05/24/2024 07:55PM","05/24/2024 12:00AM - 05/24/2024 11:59PM",18.477,"Yes","66510149bb8cfd1298d2601e","0.0","0.0","no","192.168.68.56","Participant 166",1
"05/24/2024 07:21PM","05/24/2024 07:21PM","05/24/2024 12:00AM - 05/24/2024 11:59PM",4.567,"Yes","665128d9bb8cfd1298d334f4",,,"no","10.158.117.18","Participant 167",1
"05/24/2024 09:23PM","05/24/2024 09:23PM","05/24/2024 12:00AM - 05/24/2024 11:59PM",17.25,"Yes","665136c7166f80d15148c248",,,"no","192.168.0.33","Participant 168",1
"05/24/2024 10:09PM","05/24/2024 10:09PM","05/24/2024 12:00AM - 05/24/2024 11:59PM",36.85,"Yes","665144ac166f80d151497252",,,"no","100.70.8.192","Participant 169",1
"05/24/2024 10:25PM","05/24/2024 10:25PM","05/24/2024 12:00AM - 05/24/2024 11:59PM",6.098,"Yes","665161ae166f80d1514a3441",,,"no","192.168.1.107","Participant 170",1
"05/25/2024 06:41AM","05/25/2024 06:41AM","05/25/2024 12:00AM - 05/25/2024 11:59PM",11.282,"Yes","665175dabb8cfd1298d54c73",,,"no","10.162.43.193","Participant 171",1
"05/25/2024 10:05AM","05/25/2024 10:05AM","05/25/2024 12:00AM - 05/25/2024 11:59PM",8.641,"Yes","6650ed40bb8cfd1298d1e67a","0.0","0.0","no","10.143.48.82","Participant 172",1
"05/25/2024 10:39AM","05/25/2024 10:39AM","05/25/2024 12:00AM - 05/25/2024 11:59PM",7.139,"Yes","6651f4a8bb8cfd1298d6ceac",,,"no","192.168.0.100","Participant 173",1
"05/25/2024 10:43AM","05/25/2024 10:43AM","05/25/2024 12:00AM - 05/25/2024 11:59PM",14.399,"Yes","66511620bb8cfd1298d2d4a5","0.0","0.0","no","2600:381:747:35a6:3d87:8fc:8c57:19df","Participant 174",1
"05/25/2024 06:20PM","05/25/2024 06:21PM","05/25/2024 12:00AM - 05/25/2024 11:59PM",58.66,"Yes","66516dbc166f80d1514a5d10",,,"no","10.227.140.205","Participant 175",1
"05/25/2024 10:29AM","05/25/2024 10:29AM","05/25/2024 12:00AM - 05/25/2024 11:59PM",9.104,"Yes","66521e95166f80d1514d23c7","0.0","0.0","no","192.168.1.99","Participant 176",1
"05/25/2024 02:01PM","05/25/2024 02:01PM","05/25/2024 12:00AM - 05/25/2024 11:59PM",3.234,"Yes","66522580166f80d1514d4825",,,"no","192.168.8.181","Participant 177",1
"05/25/2024 07:29PM","05/25/2024 07:30PM","05/25/2024 12:00AM - 05/25/2024 11:59PM",14.02,"Yes","665227bbbb8cfd1298d8215a",,,"no","192.168.45.176","Participant 178",1
"05/25/2024 04:23PM","05/25/2024 04:23PM","05/25/2024 12:00AM - 05/25/2024 11:59PM",8.892,"Yes","6652552b166f80d1514e6431","0.0","0.0","no","192.168.1.11","Participant 179",1
"05/25/2024 05:37PM","05/25/2024 05:37PM","05/25/2024 12:00AM - 05/25/2024 11:59PM",8.878,"Yes","66525618bb8cfd1298d9358c",,,"no","192.168.43.1","Participant 180",1
"05/25/2024 06:01PM","05/25/2024 06:01PM","05/25/2024 12:00AM - 05/25/2024 11:59PM",2.474,"Yes","664e10a620f19dd3213ae047","0.0","0.0","no","10.3.0.76","Participant 181",1
"05/25/2024 06:03PM","05/25/2024 06:03PM","05/25/2024 12:00AM - 05/25/2024 11:59PM",16.814,"Yes","664e10a620f19dd3213ae047","0.0","0.0","no","10.3.0.76","Participant 181",1
"05/26/2024 03:02AM","05/26/2024 03:02AM","05/26/2024 12:00AM - 05/26/2024 11:59PM",7.24,"Yes","66529684166f80d1514ff23e","0.0","0.0","no","192.168.1.185","Participant 182",1
"05/26/2024 07:15AM","05/26/2024 07:15AM","05/26/2024 12:00AM - 05/26/2024 11:59PM",11.066,"Yes","664e220151501094c9c07a16",,,"no","10.27.255.246","Participant 183",1
"05/26/2024 03:03AM","05/26/2024 03:03AM","05/26/2024 12:00AM - 05/26/2024 11:59PM",28.696,"Yes","6652dc01bb8cfd1298dbad02",,,"no","10.0.0.82","Participant 184",1
"05/26/2024 08:00AM","05/26/2024 08:00AM","05/26/2024 12:00AM - 05/26/2024 11:59PM",4.335,"Yes","664ddb58cfaa164d863aeca5",,,"no","10.142.194.252","Participant 185",1
"05/26/2024 02:58PM","05/26/2024 02:58PM","05/26/2024 12:00AM - 05/26/2024 11:59PM",8.241,"Yes","66533a95bb8cfd1298dcc98a",,,"no","10.165.228.147","Participant 186",1
"05/26/2024 09:27AM","05/26/2024 09:27AM","05/26/2024 12:00AM - 05/26/2024 11:59PM",19.318,"Yes","66535dfabb8cfd1298ddc823",,,"no","100.76.34.38","Participant 187",1
"05/26/2024 01:07PM","05/26/2024 01:07PM","05/26/2024 12:00AM - 05/26/2024 11:59PM",41.587,"Yes","665366d6bb8cfd1298de0866",,,"no","172.16.0.2","Participant 188",1
"05/26/2024 01:46PM","05/26/2024 01:46PM","05/26/2024 12:00AM - 05/26/2024 11:59PM",3.485,"Yes","649dcebd2d36e4405286ee51","0.0","0.0","no","2607:fc20:fe73:8b68:1162:f4b6:4c57:ae45","Participant 189",1
"05/26/2024 11:02PM","05/26/2024 11:06PM","05/26/2024 12:00AM - 05/26/2024 11:59PM",264.546,"Yes","6653837f166f80d1515411e0",,,"no","192.168.100.17","Participant 190",1
"05/26/2024 04:25PM","05/26/2024 04:25PM","05/26/2024 12:00AM - 05/26/2024 11:59PM",20.182,"Yes","63e2ad274808cf0b46699b50",,,"no","192.168.12.199","Participant 191",1
"05/26/2024 11:40PM","05/26/2024 11:41PM","05/26/2024 12:00AM - 05/26/2024 11:59PM",49.236,"Yes","6642793a390031c6215f0cfa",,,"no","192.168.100.13","Participant 192",1
"05/26/2024 11:39PM","05/26/2024 11:39PM","05/26/2024 12:00AM - 05/26/2024 11:59PM",13.704,"Yes","66539840166f80d15154838c",,,"no","192.168.100.14","Participant 193",1
"05/26/2024 04:58PM","05/26/2024 04:58PM","05/26/2024 12:00AM - 05/26/2024 11:59PM",4.279,"Yes","6653ac76bb8cfd1298dfc1cf","0.0","0.0","no","2604:2d80:d20d:6b00::1001","Participant 194",1
"05/26/2024 06:18PM","05/26/2024 06:18PM","05/26/2024 12:00AM - 05/26/2024 11:59PM",16.321,"Yes","6653b19cbb8cfd1298dfd6da","0.0","0.0","no","192.168.50.66","Participant 195",1
"05/26/2024 06:26PM","05/26/2024 06:26PM","05/26/2024 12:00AM - 05/26/2024 11:59PM",2.407,"Yes","6478fe9fec109b0b53d222c2",,,"no","192.168.50.203","Participant 196",1
"05/27/2024 01:49AM","05/27/2024 01:49AM","05/27/2024 12:00AM - 05/27/2024 11:59PM",8.749,"Yes","64e7e23845191ff324ef7998","0.0","0.0","no","192.168.226.251","Participant 197",1
"05/27/2024 10:03AM","05/27/2024 10:04AM","05/27/2024 12:00AM - 05/27/2024 11:59PM",72.007,"Yes","66542e27bb8cfd1298e231ba",,,"no","192.168.100.17","Participant 198",1
"05/27/2024 11:25AM","05/27/2024 11:25AM","05/27/2024 12:00AM - 05/27/2024 11:59PM",19.321,"Yes","66543765166f80d151576b08",,,"no","192.168.100.17","Participant 199",1
"05/27/2024 11:43AM","05/27/2024 11:43AM","05/27/2024 12:00AM - 05/27/2024 11:59PM",4.855,"Yes","665444ad166f80d1515789e5",,,"no","192.168.100.17","Participant 200",1
"05/27/2024 10:04AM","05/27/2024 10:04AM","05/27/2024 12:00AM - 05/27/2024 11:59PM",26.053,"Yes","66533cd5bb8cfd1298dcd308",,,"no","10.158.245.178","Participant 201",1
"05/27/2024 12:03PM","05/27/2024 12:03PM","05/27/2024 12:00AM - 05/27/2024 11:59PM",11.973,"Yes","66544a30166f80d151579a93",,,"no","192.168.100.17","Participant 202",1
"05/27/2024 12:16PM","05/27/2024 12:16PM","05/27/2024 12:00AM - 05/27/2024 11:59PM",4.588,"Yes","66544cfb166f80d15157a36b",,,"no","192.168.100.17","Participant 203",1
"05/27/2024 12:28PM","05/27/2024 12:28PM","05/27/2024 12:00AM - 05/27/2024 11:59PM",17.578,"Yes","66544fe9166f80d15157a9d4",,,"no","192.168.100.17","Participant 204",1
"05/27/2024 11:07AM","05/27/2024 11:07AM","05/27/2024 12:00AM - 05/27/2024 11:59PM",6.815,"Yes","66533ebabb8cfd1298dce361","0.0","0.0","no","192.168.100.237","Participant 205",1
"05/27/2024 06:15AM","05/27/2024 06:15AM","05/27/2024 12:00AM - 05/27/2024 11:59PM",35.695,"Yes","664cbbb1cfaa164d8632912f",,,"no","10.240.150.165","Participant 206",1
"05/27/2024 11:39AM","05/27/2024 11:40AM","05/27/2024 12:00AM - 05/27/2024 11:59PM",43.756,"Yes","66542d6bbb8cfd1298e22d68",,,"no","10.166.103.243","Participant 207",1
"05/27/2024 03:10PM","05/27/2024 03:11PM","05/27/2024 12:00AM - 05/27/2024 11:59PM",5.639,"Yes","6654766abb8cfd1298e305e1",,,"no","192.168.100.17","Participant 208",1
"05/27/2024 03:22PM","05/27/2024 03:22PM","05/27/2024 12:00AM - 05/27/2024 11:59PM",8.006,"Yes","665398c6bb8cfd1298df5f90",,,"no","192.168.100.13","Participant 209",1
"05/27/2024 03:32PM","05/27/2024 03:32PM","05/27/2024 12:00AM - 05/27/2024 11:59PM",5.302,"Yes","6654789f166f80d1515831a0",,,"no","192.168.100.17","Participant 210",1
"05/27/2024 03:50PM","05/27/2024 03:50PM","05/27/2024 12:00AM - 05/27/2024 11:59PM",7.046,"Yes","66547ee5bb8cfd1298e32aff",,,"no","192.168.100.13","Participant 211",1
"05/27/2024 04:18PM","05/27/2024 04:18PM","05/27/2024 12:00AM - 05/27/2024 11:59PM",7.641,"Yes","66548485166f80d151586e0b",,,"no","192.168.100.13","Participant 212",1
"05/27/2024 04:28PM","05/27/2024 04:28PM","05/27/2024 12:00AM - 05/27/2024 11:59PM",13.181,"Yes","66548744bb8cfd1298e3594b",,,"no","10.157.196.160","Participant 213",1
"05/27/2024 04:41PM","05/27/2024 04:41PM","05/27/2024 12:00AM - 05/27/2024 11:59PM",5.941,"Yes","66548a9c166f80d151588eb9",,,"no","192.168.100.13","Participant 214",1
"05/27/2024 02:55PM","05/27/2024 02:57PM","05/27/2024 12:00AM - 05/27/2024 11:59PM",112.145,"Yes","66548a91166f80d151588ea7",,,"no","192.168.143.137","Participant 215",1
"05/27/2024 04:58PM","05/27/2024 04:58PM","05/27/2024 12:00AM - 05/27/2024 11:59PM",10.306,"Yes","66548f3abb8cfd1298e383b1",,,"no","192.168.100.17","Participant 216",1
"05/27/2024 09:05AM","05/27/2024 09:05AM","05/27/2024 12:00AM - 05/27/2024 11:59PM",6.302,"Yes","665490f2bb8cfd1298e38f8f",,,"no","192.168.0.101","Participant 217",1
"05/27/2024 12:09PM","05/27/2024 12:09PM","05/27/2024 12:00AM - 05/27/2024 11:59PM",3.945,"Yes","6654acf8bb8cfd1298e45da6","0.0","0.0","no","192.168.1.152","Participant 218",1
"05/27/2024 12:34PM","05/27/2024 12:34PM","05/27/2024 12:00AM - 05/27/2024 11:59PM",22.416,"Yes","6654b0a0bb8cfd1298e48814",,,"no","10.233.233.252","Participant 219",1
"05/27/2024 10:03AM","05/27/2024 10:03AM","05/27/2024 12:00AM - 05/27/2024 11:59PM",5.455,"Yes","6653812bbb8cfd1298ded0e1","0.0","0.0","no","10.53.36.18","Participant 220",1
"05/27/2024 07:41PM","05/27/2024 07:41PM","05/27/2024 12:00AM - 05/27/2024 11:59PM",32.74,"Yes","66544633bb8cfd1298e26aa6",,,"no","10.193.225.107","Participant 221",1
"05/27/2024 08:12PM","05/27/2024 08:13PM","05/27/2024 12:00AM - 05/27/2024 11:59PM",51.521,"Yes","6654c7d8bb8cfd1298e5399a",,,"no","192.168.1.197","Participant 222",1
"05/27/2024 02:27PM","05/27/2024 02:27PM","05/27/2024 12:00AM - 05/27/2024 11:59PM",6.52,"Yes","664fb468e0fe3a9553b26ed8","0.0","0.0","no","2600:100a:1137:d3cb:509e:eefc:8e8b:8742","Participant 223",1
"05/27/2024 09:10PM","05/27/2024 09:10PM","05/27/2024 12:00AM - 05/27/2024 11:59PM",5.282,"Yes","6654c559166f80d1515a39a3",,,"no","10.35.203.56","Participant 224",1
"05/27/2024 02:19PM","05/27/2024 02:19PM","05/27/2024 12:00AM - 05/27/2024 11:59PM",5.821,"Yes","66537c57bb8cfd1298dea6fb","0.0","0.0","no","10.222.158.87","Participant 225",1
"05/27/2024 07:33PM","05/27/2024 07:33PM","05/27/2024 12:00AM - 05/27/2024 11:59PM",16.708,"Yes","66551565bb8cfd1298e6eb1a","0.0","0.0","no","2600:4040:44e2:2301:5127:6931:98e7:eb6e","Participant 226",1
"05/27/2024 07:25PM","05/27/2024 07:26PM","05/27/2024 12:00AM - 05/27/2024 11:59PM",11.831,"Yes","665521c1bb8cfd1298e74dbd","0.0","0.0","no","192.168.1.6","Participant 227",1
"05/27/2024 07:47PM","05/27/2024 07:47PM","05/27/2024 12:00AM - 05/27/2024 11:59PM",9.51,"Yes","66552703bb8cfd1298e773ef",,,"no","192.168.1.7","Participant 228",1
"05/27/2024 05:51PM","05/27/2024 05:51PM","05/27/2024 12:00AM - 05/27/2024 11:59PM",11.42,"Yes","6460232c7931520b527193f3","0.0","0.0","no","192.168.1.214","Participant 229",1
"05/27/2024 08:54PM","05/27/2024 08:54PM","05/27/2024 12:00AM - 05/27/2024 11:59PM",2.626,"Yes","66552993166f80d1515ca460","0.0","0.0","no","2600:1009:a021:c2e9:b04f:2deb:e7a4:d0a7","Participant 230",1
"05/27/2024 08:58PM","05/27/2024 08:58PM","05/27/2024 12:00AM - 05/27/2024 11:59PM",3.601,"Yes","665528e5166f80d1515c9ef6","0.0","0.0","no","2600:1700:4e40:15e0::7a1","Participant 231",1
"05/27/2024 09:22PM","05/27/2024 09:23PM","05/27/2024 12:00AM - 05/27/2024 11:59PM",14.981,"Yes","6655280f166f80d1515c9b0a",,,"no","100.91.125.202","Participant 232",1
"05/27/2024 09:52PM","05/27/2024 09:52PM","05/27/2024 12:00AM - 05/27/2024 11:59PM",2.937,"Yes","6654d333bb8cfd1298e570ed","0.0","0.0","no","fdc6:5226:2805:7985:1471:8a1d:3583:191e","Participant 233",1
"05/27/2024 10:37PM","05/27/2024 10:37PM","05/27/2024 12:00AM - 05/27/2024 11:59PM",3.982,"Yes","66553f64bb8cfd1298e82e0b",,,"no","192.168.50.210","Participant 234",1
"05/27/2024 10:53PM","05/27/2024 10:53PM","05/27/2024 12:00AM - 05/27/2024 11:59PM",3.7,"Yes","66554543bb8cfd1298e8491f",,,"no","192.168.1.253","Participant 235",1
"05/27/2024 11:32PM","05/27/2024 11:33PM","05/27/2024 12:00AM - 05/27/2024 11:59PM",21.788,"Yes","66554d5bbb8cfd1298e8a0c7",,,"no","192.168.1.152","Participant 236",1
"05/28/2024 04:00PM","05/28/2024 04:00PM","05/28/2024 12:00AM - 05/28/2024 11:59PM",5.001,"Yes","6655cfeabb8cfd1298ea772a",,,"no","192.168.100.13","Participant 237",1
"05/28/2024 09:31AM","05/28/2024 09:31AM","05/28/2024 12:00AM - 05/28/2024 11:59PM",7.344,"Yes","66554433bb8cfd1298e843ad","0.0","0.0","no","10.246.185.129","Participant 238",1
"05/28/2024 05:55PM","05/28/2024 05:56PM","05/28/2024 12:00AM - 05/28/2024 11:59PM",4.778,"Yes","6655ee15166f80d151609eb5",,,"no","192.168.100.14","Participant 239",1
"05/28/2024 08:41AM","05/28/2024 08:42AM","05/28/2024 12:00AM - 05/28/2024 11:59PM",12.077,"Yes","6655ef82166f80d15160a602",,,"no","192.0.0.4","Participant 240",1
"05/28/2024 10:14AM","05/28/2024 10:14AM","05/28/2024 12:00AM - 05/28/2024 11:59PM",3.334,"Yes","6656010fbb8cfd1298ec2165","0.0","0.0","no","10.122.0.58","Participant 241",1
"05/28/2024 07:18PM","05/28/2024 07:19PM","05/28/2024 12:00AM - 05/28/2024 11:59PM",4.308,"Yes","645d56298a4f2e5f727a6e7b",,,"no","192.168.0.101","Participant 242",1
"05/28/2024 12:31PM","05/28/2024 12:31PM","05/28/2024 12:00AM - 05/28/2024 11:59PM",6.267,"Yes","6655fec5166f80d1516129ac","0.0","0.0","no","192.168.1.207","Participant 243",1
"05/28/2024 12:34PM","05/28/2024 12:34PM","05/28/2024 12:00AM - 05/28/2024 11:59PM",24.478,"Yes","66560260bb8cfd1298ec2d4a","0.0","0.0","no","2603:7080:1cf0:7750::1dde","Participant 244",1
"05/28/2024 12:49PM","05/28/2024 12:49PM","05/28/2024 12:00AM - 05/28/2024 11:59PM",6.309,"Yes","6656090b166f80d151618845","0.0","0.0","no","10.198.156.249","Participant 245",1
"05/28/2024 01:05PM","05/28/2024 01:05PM","05/28/2024 12:00AM - 05/28/2024 11:59PM",5.12,"Yes","66560d97166f80d15161b87e","0.0","0.0","no","192.168.1.42","Participant 246",1
"05/28/2024 10:38AM","05/28/2024 10:39AM","05/28/2024 12:00AM - 05/28/2024 11:59PM",23.494,"Yes","66561348bb8cfd1298ecc47a",,,"no","192.168.1.115","Participant 247",1
"05/28/2024 02:14PM","05/28/2024 02:14PM","05/28/2024 12:00AM - 05/28/2024 11:59PM",12.794,"Yes","66561a83166f80d151621a86",,,"no","10.21.86.32","Participant 248",1
"05/28/2024 02:21PM","05/28/2024 02:21PM","05/28/2024 12:00AM - 05/28/2024 11:59PM",3.946,"Yes","665547d0166f80d1515d78c2","0.0","0.0","no","192.168.162.181","Participant 249",1
"05/28/2024 03:33PM","05/28/2024 03:34PM","05/28/2024 12:00AM - 05/28/2024 11:59PM",14.528,"Yes","6656291abb8cfd1298ed64db",,,"no","10.21.216.120","Participant 251",1
"05/28/2024 04:30PM","05/28/2024 04:30PM","05/28/2024 12:00AM - 05/28/2024 11:59PM",13.294,"Yes","66563921bb8cfd1298eded48",,,"no","10.0.0.216","Participant 252",1
"05/29/2024 12:01AM","05/29/2024 12:02AM","05/29/2024 12:00AM - 05/29/2024 11:59PM",20.051,"Yes","6656a2fa166f80d15165c5c0",,,"no","192.168.1.4","Participant 253",1
"05/29/2024 09:31AM","05/29/2024 09:31AM","05/29/2024 12:00AM - 05/29/2024 11:59PM",3.992,"Yes","6656aec8166f80d15165f6e2",,,"no","192.168.100.13","Participant 254",1
"05/29/2024 09:30AM","05/29/2024 09:30AM","05/29/2024 12:00AM - 05/29/2024 11:59PM",6.22,"Yes","6656b106166f80d15165fc88",,,"no","192.168.100.13","Participant 255",1
"05/29/2024 07:30AM","05/29/2024 07:31AM","05/29/2024 12:00AM - 05/29/2024 11:59PM",74.854,"Yes","6656ca1fbb8cfd1298f121d2",,,"no","10.166.101.238","Participant 256",1
"05/29/2024 10:06AM","05/29/2024 10:07AM","05/29/2024 12:00AM - 05/29/2024 11:59PM",42.948,"Yes","66572c94166f80d15167b8c4","0.0","0.0","no","192.168.65.250","Participant 257",1
"05/29/2024 12:02PM","05/29/2024 12:02PM","05/29/2024 12:00AM - 05/29/2024 11:59PM",4.227,"Yes","66574eaebb8cfd1298f3d9f2",,,"no","192.168.43.1","Participant 258",1
"05/29/2024 01:10PM","05/29/2024 01:11PM","05/29/2024 12:00AM - 05/29/2024 11:59PM",18.651,"Yes","66568207166f80d151650392",,,"no","192.168.1.67","Participant 259",1
"05/29/2024 11:47PM","05/29/2024 11:48PM","05/29/2024 12:00AM - 05/29/2024 11:59PM",47.218,"Yes","66579031bb8cfd1298f5bf53",,,"no","192.168.0.104","Participant 260",1
"05/29/2024 10:42PM","05/29/2024 10:42PM","05/29/2024 12:00AM - 05/29/2024 11:59PM",6.38,"Yes","66579a4dbb8cfd1298f5f30b",,,"no","10.162.7.66","Participant 261",1
"05/29/2024 10:41PM","05/29/2024 10:41PM","05/29/2024 12:00AM - 05/29/2024 11:59PM",5.127,"Yes","66579e1d166f80d1516b17b4",,,"no","10.162.7.66","Participant 262",1
"05/30/2024 07:57AM","05/30/2024 07:57AM","05/30/2024 12:00AM - 05/30/2024 11:59PM",6.694,"Yes","665802d0bb8cfd1298f87086",,,"no","192.168.100.13","Participant 264",1
"05/30/2024 08:15AM","05/30/2024 08:15AM","05/30/2024 12:00AM - 05/30/2024 11:59PM",6.538,"Yes","665808a4bb8cfd1298f8828a",,,"no","192.168.100.13","Participant 265",1
"05/30/2024 09:46AM","05/30/2024 09:46AM","05/30/2024 12:00AM - 05/30/2024 11:59PM",4.291,"Yes","66581e05bb8cfd1298f8b260",,,"no","192.168.0.104","Participant 266",1
"05/30/2024 10:06AM","05/30/2024 10:06AM","05/30/2024 12:00AM - 05/30/2024 11:59PM",6.221,"Yes","66582321166f80d1516dd89f",,,"no","192.168.0.104","Participant 267",1
"05/30/2024 10:25AM","05/30/2024 10:25AM","05/30/2024 12:00AM - 05/30/2024 11:59PM",4.854,"Yes","6658282fbb8cfd1298f8d1d1",,,"no","192.168.0.104","Participant 268",1
"05/30/2024 10:45AM","05/30/2024 10:45AM","05/30/2024 12:00AM - 05/30/2024 11:59PM",6.04,"Yes","66582c50bb8cfd1298f8df62",,,"no","192.168.0.104","Participant 269",1
"05/30/2024 11:00AM","05/30/2024 11:00AM","05/30/2024 12:00AM - 05/30/2024 11:59PM",5.336,"Yes","6658302f166f80d1516dffb7",,,"no","192.168.0.104","Participant 270",1
"05/30/2024 11:26AM","05/30/2024 11:26AM","05/30/2024 12:00AM - 05/30/2024 11:59PM",4.931,"Yes","66583651bb8cfd1298f8ff19",,,"no","192.168.0.104","Participant 271",1
"05/30/2024 11:49AM","05/30/2024 11:50AM","05/30/2024 12:00AM - 05/30/2024 11:59PM",10.595,"Yes","66583bfd166f80d1516e3964",,,"no","192.168.0.104","Participant 272",1
"05/30/2024 12:01PM","05/30/2024 12:01PM","05/30/2024 12:00AM - 05/30/2024 11:59PM",5.338,"Yes","66583e54bb8cfd1298f93299",,,"no","192.168.0.104","Participant 273",1
"05/30/2024 10:28AM","05/30/2024 10:28AM","05/30/2024 12:00AM - 05/30/2024 11:59PM",15.777,"Yes","66577d4cbb8cfd1298f551a2",,,"no","192.168.0.4","Participant 274",1